<?xml version="1.0" encoding="UTF-8"?>
<ti:module xmlns:ti="http://ti.appcelerator.org" xmlns:android="http://schemas.android.com/apk/res/android">
	<!--
		Similar to tiapp.xml, but contains module/platform specific
		configuration in <iphone>, <android>, and <mobileweb> sections
	-->
	<iphone>
	</iphone>
	<android xmlns:android="http://schemas.android.com/apk/res/android">
		<tool-api-level>23</tool-api-level>
		<manifest>
			<application>
				<receiver android:name="com.appsflyer.MultipleInstallBroadcastReceiver" android:exported="true">
					<intent-filter>
						<action android:name="com.android.vending.INSTALL_REFERRER" />
					</intent-filter>
				</receiver>
			</application>
			<uses-sdk android:minSdkVersion="14"/>
			<uses-permission android:name="android.permission.INTERNET" />
			<uses-permission android:name="android.permission.ACCESS_NETWORK_STATE" />
			<uses-permission android:name="android.permission.ACCESS_WIFI_STATE" />
			<uses-permission android:name="android.permission.READ_PHONE_STATE"/>
		</manifest>
	</android>
	<mobileweb>
	</mobileweb>
</ti:module>
